hist_key,metric_name,k1,k5
hist_DCT_HSV_n32_c10_1D,L1_dist,0.6666666666666666,0.5555555555555555
hist_LBPM_LAB_n8_1D,L1_dist,0.6333333333333333,0.5111111111111111
hist_DCT_ycbcr_n32_c10_1D,L1_dist,0.6,0.5444444444444444
hist_LBPM_LAB_n8_1D,X2_distance,0.5666666666666667,0.4666666666666667
hist_LBP_LAB_n8_r2_1D,L1_dist,0.5333333333333333,0.44
hist_LBP_LAB_n8_r2_1D,X2_distance,0.5,0.43333333333333335
hist_DCT_ycbcr_n32_c10_1D,X2_distance,0.0,0.0
hist_DCT_HSV_n32_c10_1D,X2_distance,0.0,0.0
