descriptor,metric_name,ratio_threshold,k1,k5,ratio_treshold
ORB,L2,,0.7833333333333333,0.15,0.8
ORB,L2,,0.75,0.15,0.8500000000000001
ORB,L2,,0.7,0.1,0.9000000000000001
