descriptor,metric_name,ratio_threshold,k1,k5,ratio_treshold
ORB,L2,,0.8166666666666667,0.21666666666666667,0.8
ORB,L2,,0.8,0.2,0.8500000000000001
ORB,L2,,0.6333333333333333,0.06666666666666667,0.9000000000000001
